{"timestamps": [1496434818.816612], "initial_reset_timestamp": 1496434811.116636, "episode_types": ["t", "t"], "episode_lengths": [200], "episode_rewards": [200.0]}